{
	"class_name" : "PinholeCameraParameters",
	"extrinsic" : 
	[
		0.99796144409064169,
		-0.058085719662173532,
		-0.02643870798371992,
		0.0,
		-0.046068150788566631,
		-0.94235056067710921,
		0.33144101477406185,
		0.0,
		-0.044166521160749303,
		-0.32954737134874162,
		-0.9431054280650133,
		0.0,
		2.016464837507514,
		7.4920388729666385,
		211.60532633628384,
		1.0
	],
	"intrinsic" : 
	{
		"height" : 1080,
		"intrinsic_matrix" : 
		[
			935.30743608719376,
			0.0,
			0.0,
			0.0,
			935.30743608719376,
			0.0,
			959.5,
			539.5,
			1.0
		],
		"width" : 1920
	},
	"version_major" : 1,
	"version_minor" : 0
}