{
	"class_name" : "PinholeCameraParameters",
	"extrinsic" : 
	[
		0.72260354282359662,
		-0.029572187824460503,
		-0.69062986150763961,
		0.0,
		0.15813701833605326,
		-0.96551855388673802,
		0.20680088378013514,
		0.0,
		-0.67293149973126487,
		-0.25864919835123606,
		-0.6930106700922386,
		0.0,
		-15.7199638403157,
		9.4884598829614291,
		217.59189004100114,
		1.0
	],
	"intrinsic" : 
	{
		"height" : 1080,
		"intrinsic_matrix" : 
		[
			935.30743608719376,
			0.0,
			0.0,
			0.0,
			935.30743608719376,
			0.0,
			959.5,
			539.5,
			1.0
		],
		"width" : 1920
	},
	"version_major" : 1,
	"version_minor" : 0
}